id,username,first_name,last_name,email,password,website
1,Ayanna1,Ayanna,Estes,AyannaEstes@example.com,baseball,www.me.com
2,Scott1,Scott,Daniels,ScottDaniels@example.com,baseball,www.me.com
3,Ericka1,Ericka,Whitehead,ErickaWhitehead@example.com,baseball,www.me.com
4,Brendan1,Brendan,Parks,BrendanParks@example.com,baseball,www.me.com
5,Librada1,Librada,Burke,LibradaBurke@example.com,baseball,www.me.com
6,Maribel1,Maribel,Wise,MaribelWise@example.com,baseball,www.me.com
7,Ana1,Ana,Wade,AnaWade@example.com,baseball,www.me.com
8,Charla1,Charla,Escobar,CharlaEscobar@example.com,baseball,www.me.com
9,Charita1,Charita,Acosta,CharitaAcosta@example.com,baseball,www.me.com
10,Corene1,Corene,Monroe,CoreneMonroe@example.com,baseball,www.me.com
11,Sharilyn1,Sharilyn,Nicholson,SharilynNicholson@example.com,baseball,www.me.com
12,Kia1,Kia,Hunter,KiaHunter@example.com,baseball,www.me.com
13,Trudie1,Trudie,Galvan,TrudieGalvan@example.com,baseball,www.me.com
14,Ramon1,Ramon,Orozco,RamonOrozco@example.com,baseball,www.me.com
15,Pamala1,Pamala,Cardenas,PamalaCardenas@example.com,baseball,www.me.com
16,Moises1,Moises,Bartlett,MoisesBartlett@example.com,baseball,www.me.com
17,Loretta1,Loretta,Salinas,LorettaSalinas@example.com,baseball,www.me.com
18,Britt1,Britt,Farley,BrittFarley@example.com,baseball,www.me.com
19,Signe1,Signe,Manning,SigneManning@example.com,baseball,www.me.com
20,Marion1,Marion,Villegas,MarionVillegas@example.com,baseball,www.me.com
21,Susannah1,Susannah,Garcia,SusannahGarcia@example.com,baseball,www.me.com
22,Shanel1,Shanel,Salazar,ShanelSalazar@example.com,baseball,www.me.com
23,Luanna1,Luanna,Boyle,LuannaBoyle@example.com,baseball,www.me.com
24,Janeen1,Janeen,Kelly,JaneenKelly@example.com,baseball,www.me.com
25,Weldon1,Weldon,Rosario,WeldonRosario@example.com,baseball,www.me.com
26,Delorse1,Delorse,Schmidt,DelorseSchmidt@example.com,baseball,www.me.com
27,Dallas1,Dallas,Walker,DallasWalker@example.com,baseball,www.me.com
28,Kelly1,Kelly,Lester,KellyLester@example.com,baseball,www.me.com
29,Hildegarde1,Hildegarde,Reese,HildegardeReese@example.com,baseball,www.me.com
30,Aurelio1,Aurelio,Dennis,AurelioDennis@example.com,baseball,www.me.com
31,Ninfa1,Ninfa,Boyer,NinfaBoyer@example.com,baseball,www.me.com
32,Chad1,Chad,Stout,ChadStout@example.com,baseball,www.me.com
33,Chana1,Chana,Harris,ChanaHarris@example.com,baseball,www.me.com
34,Jordon1,Jordon,Rice,JordonRice@example.com,baseball,www.me.com
35,Tamie1,Tamie,Bradford,TamieBradford@example.com,baseball,www.me.com
36,1-Jan,January,Rowland,JanuaryRowland@example.com,baseball,www.me.com
37,Nichol1,Nichol,Guzman,NicholGuzman@example.com,baseball,www.me.com
38,Minna1,Minna,Hanna,MinnaHanna@example.com,baseball,www.me.com
39,Akiko1,Akiko,Byrd,AkikoByrd@example.com,baseball,www.me.com
40,Michal1,Michal,Wall,MichalWall@example.com,baseball,www.me.com
41,Yan1,Yan,Baird,YanBaird@example.com,baseball,www.me.com
42,Leatha1,Leatha,Mercer,LeathaMercer@example.com,baseball,www.me.com
43,Danny1,Danny,Caldwell,DannyCaldwell@example.com,baseball,www.me.com
44,Bruna1,Bruna,Moreno,BrunaMoreno@example.com,baseball,www.me.com
45,Daine1,Daine,Fowler,DaineFowler@example.com,baseball,www.me.com
46,Irma1,Irma,Tran,IrmaTran@example.com,baseball,www.me.com
47,Tory1,Tory,Pace,ToryPace@example.com,baseball,www.me.com
48,Celine1,Celine,Tapia,CelineTapia@example.com,baseball,www.me.com
49,Danielle1,Danielle,Ramos,DanielleRamos@example.com,baseball,www.me.com
50,Mackenzie1,Mackenzie,Clarke,MackenzieClarke@example.com,baseball,www.me.com
51,Shirley1,Shirley,Curtis,ShirleyCurtis@example.com,baseball,www.me.com
52,Amber1,Amber,Wilson,AmberWilson@example.com,baseball,www.me.com
53,Margarite1,Margarite,Green,MargariteGreen@example.com,baseball,www.me.com
54,Magali1,Magali,Davenport,MagaliDavenport@example.com,baseball,www.me.com
55,Darlene1,Darlene,Pittman,DarlenePittman@example.com,baseball,www.me.com
56,Cheyenne1,Cheyenne,Orr,CheyenneOrr@example.com,baseball,www.me.com
57,Brandee1,Brandee,Thornton,BrandeeThornton@example.com,baseball,www.me.com
58,Li1,Li,Ramsey,LiRamsey@example.com,baseball,www.me.com
59,Lue1,Lue,Fleming,LueFleming@example.com,baseball,www.me.com
60,Shu1,Shu,Christian,ShuChristian@example.com,baseball,www.me.com
61,Cordelia1,Cordelia,Dean,CordeliaDean@example.com,baseball,www.me.com
62,Verona1,Verona,Russo,VeronaRusso@example.com,baseball,www.me.com
63,Brinda1,Brinda,Oconnell,BrindaOconnell@example.com,baseball,www.me.com
64,Jesusita1,Jesusita,Frey,JesusitaFrey@example.com,baseball,www.me.com
65,Luther1,Luther,Herman,LutherHerman@example.com,baseball,www.me.com
66,Gregoria1,Gregoria,Pollard,GregoriaPollard@example.com,baseball,www.me.com
67,Bell1,Bell,Smith,BellSmith@example.com,baseball,www.me.com
68,Trenton1,Trenton,Summers,TrentonSummers@example.com,baseball,www.me.com
69,Lolita1,Lolita,Melendez,LolitaMelendez@example.com,baseball,www.me.com
70,Johnny1,Johnny,Bender,JohnnyBender@example.com,baseball,www.me.com
71,Letitia1,Letitia,Coffey,LetitiaCoffey@example.com,baseball,www.me.com
72,Addie1,Addie,Anthony,AddieAnthony@example.com,baseball,www.me.com
73,Audrey1,Audrey,Spence,AudreySpence@example.com,baseball,www.me.com
74,Domenic1,Domenic,Morrow,DomenicMorrow@example.com,baseball,www.me.com
75,Marcell1,Marcell,Rhodes,MarcellRhodes@example.com,baseball,www.me.com
76,Barb1,Barb,Wyatt,BarbWyatt@example.com,baseball,www.me.com
77,Nga1,Nga,Lynn,NgaLynn@example.com,baseball,www.me.com
78,Stevie1,Stevie,Townsend,StevieTownsend@example.com,baseball,www.me.com
79,Catina1,Catina,Hess,CatinaHess@example.com,baseball,www.me.com
80,Prudence1,Prudence,Jensen,PrudenceJensen@example.com,baseball,www.me.com
81,Isobel1,Isobel,Wang,IsobelWang@example.com,baseball,www.me.com
82,Delma1,Delma,Palmer,DelmaPalmer@example.com,baseball,www.me.com
83,Keila1,Keila,Sanchez,KeilaSanchez@example.com,baseball,www.me.com
84,Anibal1,Anibal,Espinoza,AnibalEspinoza@example.com,baseball,www.me.com
85,Sandee1,Sandee,Nguyen,SandeeNguyen@example.com,baseball,www.me.com
86,Angelika1,Angelika,Logan,AngelikaLogan@example.com,baseball,www.me.com
87,Lashonda1,Lashonda,Everett,LashondaEverett@example.com,baseball,www.me.com
88,1-Jan,January,Simon,JanuarySimon@example.com,baseball,www.me.com
89,Malcom1,Malcom,Moyer,MalcomMoyer@example.com,baseball,www.me.com
90,Stephan1,Stephan,Lawson,StephanLawson@example.com,baseball,www.me.com
91,Walter1,Walter,Patterson,WalterPatterson@example.com,baseball,www.me.com
92,Temeka1,Temeka,Singleton,TemekaSingleton@example.com,baseball,www.me.com
93,Alvera1,Alvera,Valencia,AlveraValencia@example.com,baseball,www.me.com
94,Erlinda1,Erlinda,Garner,ErlindaGarner@example.com,baseball,www.me.com
95,Bryanna1,Bryanna,Hendrix,BryannaHendrix@example.com,baseball,www.me.com
96,Shameka1,Shameka,Shields,ShamekaShields@example.com,baseball,www.me.com
97,Jacqualine1,Jacqualine,Romero,JacqualineRomero@example.com,baseball,www.me.com
98,Gena1,Gena,Nolan,GenaNolan@example.com,baseball,www.me.com
99,Lawanda1,Lawanda,Humphrey,LawandaHumphrey@example.com,baseball,www.me.com
100,Tiana1,Tiana,Blankenship,TianaBlankenship@example.com,baseball,www.me.com
101,tripcole,Trip,Cole,TripCole@example.com,baseball,www.me.com
